{
  "project_info": {
    "project_number": "429109059448",
    "project_id": "muscuv-0",
    "storage_bucket": "muscuv-0.appspot.com"
  },
  "client": [
    {
      "client_info": {
        "mobilesdk_app_id": "1:429109059448:android:1b41a4cc2f36f0d567728d",
        "android_client_info": {
          "package_name": "com.example.muscuv0"
        }
      },
      "oauth_client": [
        {
          "client_id": "429109059448-4m38nv7v5bnv9qs77ijoa092rk7ggsj2.apps.googleusercontent.com",
          "client_type": 3
        }
      ],
      "api_key": [
        {
          "current_key": "AIzaSyCFaoCuxyD0kdDBFWnBpvu80GLTZh3Kp8A"
        }
      ],
      "services": {
        "appinvite_service": {
          "other_platform_oauth_client": [
            {
              "client_id": "429109059448-4m38nv7v5bnv9qs77ijoa092rk7ggsj2.apps.googleusercontent.com",
              "client_type": 3
            }
          ]
        }
      }
    }
  ],
  "configuration_version": "1"
}